{
  "A": [
    -0.0,
    0.0,
    -0.20958523314235772,
    -0.20684112980688113,
    -0.31458918662541524,
    -0.6880678651449802,
    -0.2893703513175022,
    -1.1424206903000589,
    -0.3315992757199371,
    -1.4100982110170484,
    -0.16156816556182435,
    -1.0146030442647425,
    -0.09934561747619067,
    -1.2977526684095342,
    -0.12666315686952792,
    -0.9252557704836427,
    -0.1365828932372951,
    -0.8363249047069723,
    8.326672684688674e-17,
    -1.0,
    0.05826240543055711,
    -1.2551575583475683,
    -0.016112388348273,
    -0.826273809841227,
    -0.027441727382276127,
    -0.8096810963648203,
    0.14236771262503498,
    -0.9475943914788972,
    0.20173552980104587,
    -1.2132512735022951,
    0.11031449846734552,
    -0.8046488240354158,
    0.08461001180767673,
    -0.7616299391188824,
    0.2845842333190653,
    -0.8843634780666303,
    0.32065297080910127,
    -1.0569158835736678,
    0.2415096083132905,
    -0.7809157009038735,
    0.2144733392203393,
    -0.7182149303944123
  ],
  "L": [
    -0.0,
    0.0,
    -0.20714469718463235,
    -0.18429520052534826,
    -0.34702912267560915,
    -0.5341422266563766,
    -0.4797906860454929,
    -0.8395999036752215,
    -0.6083837849736276,
    -1.0508687231339409,
    -0.13527814924221232,
    -1.066774877683633,
    -0.08771096967933623,
    -1.5246184412425132,
    -0.05489591973569938,
    -1.8013027534539805,
    -0.01644194169690366,
    -2.04484063423967,
    -2.7755575615628914e-17,
    -1.0,
    0.011004731203124521,
    -1.180477902863851,
    -0.04971879342859073,
    -0.7703106694542246,
    -0.06560434105230943,
    -0.7337105009806802,
    0.12629596830045023,
    -0.9050255172733601,
    0.1428043198469423,
    -1.0301738512380785,
    0.05948190818155652,
    -0.6568567908861175,
    0.0367864041024373,
    -0.6474297227039127,
    0.2532246222819474,
    -0.7824859210750992,
    0.2855711211597347,
    -0.9142073430922038,
    0.18898133944110224,
    -0.6527108728578234,
    0.15508198114174654,
    -0.5683272535642694
  ],
  "M": [
    -0.0,
    0.0,
    -0.1619643872585034,
    -0.24414514161920794,
    -0.16253882716998658,
    -0.7218176450607449,
    0.0704341138141992,
    -0.9605380653852229,
    0.24938187223437347,
    -1.131483157297029,
    -0.1525848794729862,
    -1.0123508711076041,
    -0.1648740110633693,
    -1.2996664918465084,
    -0.18316441452798088,
    -1.0003290153819564,
    -0.1820052681651487,
    -0.7381657888557351,
    6.938893903907228e-17,
    -0.9999999999999999,
    -0.013258386523119073,
    -1.3607004515679406,
    -0.06396048351507422,
    -1.005150582499216,
    -0.07414386743841789,
    -0.7634609637126512,
    0.14544438911135227,
    -0.9352002345440804,
    0.16855201488301758,
    -1.3521719557208756,
    0.0831791067230481,
    -1.0199293336631987,
    0.06994942533025249,
    -0.8237826572703918,
    0.2853996883009296,
    -0.802848655144816,
    0.21665497103701664,
    -0.9393795222691281,
    0.12231819758997109,
    -0.673963174508746,
    0.10842001891267397,
    -0.5453746114371688
  ],
  "N": [
    -0.0,
    0.0,
    -0.18242176161366508,
    -0.2668751925359103,
    -0.22143524471719075,
    -0.7427734133391464,
    -0.04336845923189678,
    -1.0688686653488133,
    0.09195980926909272,
    -1.2943948104670537,
    -0.14118980288735355,
    -1.0270327363541538,
    -0.17948500310972057,
    -1.3321227079705298,
    -0.20899292202463587,
    -1.1078898849366765,
    -0.2021771352382487,
    -0.8193112763205849,
    1.700029006457271e-16,
    -1.0,
    -0.016052616035896777,
    -1.4812394423404072,
    -0.07689391737263035,
    -1.2677839068370307,
    -0.10511446703469289,
    -0.9814192561432383,
    0.1334324906327656,
    -0.906239437967553,
    0.12036742982310344,
    -1.261385370444633,
    0.021615685826990944,
    -0.9219486933229454,
    -0.02395247391162663,
    -0.6524098816169115,
    0.2574790443877751,
    -0.7475088966651428,
    0.16724964336288747,
    -0.9072067474923686,
    0.07056330667608851,
    -0.6466658410924453,
    0.03623391880942301,
    -0.4550557368341204
  ],
  "O": [
    -0.0,
    0.0,
    -0.23421970045243615,
    -0.1498010005365261,
    -0.38854182393191333,
    -0.33714943113938356,
    -0.5188347072458659,
    -0.47067788537116595,
    -0.5240967882979857,
    -0.6915312444061065,
    -0.06606216339109272,
    -0.9542461399870686,
    -0.2250136183541227,
    -1.2123873150971178,
    -0.39108721279478836,
    -1.0813230632843687,
    -0.47244859071213346,
    -0.888892414720269,
    0.0,
    -1.0,
    -0.2092202273678226,
    -1.2928966139889824,
    -0.4001247608778803,
    -1.09905186567933,
    -0.47662066742833425,
    -0.8555489325541563,
    0.026429591103010464,
    -0.9847102680236015,
    -0.18145115780692517,
    -1.281424157259284,
    -0.37778960863414324,
    -1.0984879128050962,
    -0.4623716764977002,
    -0.8725867989028048,
    0.005557477720752546,
    -0.8979962838122187,
    -0.18005231555560203,
    -1.1346481361578449,
    -0.34155447365191344,
    -1.0529485256374738,
    -0.43304443746162974,
    -0.9060793643915945
  ],
  "R": [
    -0.0,
    0.0,
    -0.1491300161292495,
    -0.18579999355248453,
    -0.19767043296439385,
    -0.5727538744041936,
    -0.09515624968164728,
    -0.8528797387781605,
    0.057356125588686656,
    -0.9706789459759948,
    -0.1021336230590929,
    -0.9947667851413583,
    -0.07119584498431616,
    -1.3437677321698602,
    -0.03955901406186446,
    -1.5597911500104436,
    -0.002514493298704956,
    -1.7457509139273115,
    -4.163336342344337e-17,
    -1.0,
    -0.000856856838354958,
    -1.416177525658271,
    -0.02912710787223602,
    -1.650774695605523,
    -0.036793814001436026,
    -1.8550465153528897,
    0.10090225948418552,
    -0.9190645571200057,
    0.10506449658542168,
    -1.1895461378041057,
    0.02280196934622683,
    -0.9130083168210132,
    -0.0073536695085024,
    -0.7195583371594936,
    0.19989069678787869,
    -0.7846066921251134,
    0.17751317845542341,
    -1.0127350806599404,
    0.09681216258804162,
    -0.8230930740878699,
    0.06302487709821361,
    -0.6560035434064841
  ],
  "S": [
    -0.0,
    0.0,
    -0.18380197902147888,
    -0.2313473450303961,
    -0.29285613352989215,
    -0.7213984199239744,
    -0.19386633338678944,
    -1.1391712832375782,
    -0.013867510926554888,
    -1.299435772089979,
    -0.14663270373812087,
    -1.009105270825787,
    -0.15226776412039594,
    -1.2777404706671236,
    -0.17895121238805772,
    -0.9634241231124966,
    -0.14742660031050256,
    -0.8505921583057878,
    1.6653345369377348e-16,
    -1.0,
    0.002552840964887365,
    -1.2797447889672946,
    -0.07328490903682837,
    -0.8667510515139678,
    -0.043056796873148354,
    -0.7948394445835469,
    0.1390679722387816,
    -0.9277598195309891,
    0.1443483751337595,
    -1.2279540579617194,
    0.03873584473108076,
    -0.8095599046199008,
    0.06279479971876471,
    -0.7176864218946004,
    0.2921050619726018,
    -0.8086163131547638,
    0.24244687082621338,
    -0.9983501364073377,
    0.1611050129442263,
    -0.7286226391291103,
    0.18613795086504328,
    -0.656099815553152
  ],